[{"code":"AC","name":"Acosta","leadBroker":"Ashley Blalock","email":"Blalock@Acosta.com"},
{"code":"AF","name":"Affinity","leadBroker":"Ashley Blalock","email":"Blalock@Acosta.com"},
{"code":"KI","name":"Key Impact","leadBroker":"Ashley Blalock","email":"Blalock@Acosta.com"},
{"code":"CG","name":"The Core Group","leadBroker":"Ashley Blalock","email":"Blalock@Acosta.com"},
{"code":"IB","name":"Independent Brokers Assoication","leadBroker":"Ashley Blalock","email":"Blalock@Acosta.com"},
{"code":"WP","name":"Waypoint","leadBroker":"Ashley Blalock","email":"Blalock@Acosta.com"}]